temperature,humidity,solar_irradiance,wind_speed,solar_power_output
19.36350297118406,75.85293712157961,266.61963595475765,5.190817851362181,128.10177205490788
33.767857660247905,62.88770930752963,587.7108526405223,4.79181877629731,290.9117886059696
28.299848545285126,44.76220930290622,885.6512522887674,0.2564206580643569,442.33639020587214
24.966462104925917,85.10360157655589,759.0023977686051,3.4124782762615635,380.26198820530055
13.900466011060914,74.77849380431034,825.9050330753048,3.8019561878585706,415.9319528172809
13.899863008405067,33.00935514759131,692.9050300396456,3.988227808969005,342.97378437167583
11.452090304204987,92.8741747595074,723.0489080660673,5.801723692273323,366.6497419087311
31.654403644373378,85.80297943385352,864.2760864087874,5.336025467268785,430.7249216853793
25.02787529358022,95.98399306335392,324.70120797326734,6.079050927934446,161.1631655766687
27.70181444490114,78.0575606710688,540.4824672788264,7.6488326154212825,266.902245177695
10.51461235739506,69.07321567486319,299.08849763764204,8.129857387160936,136.64681944688485
34.247746304049855,53.45944290324951,988.9012071969823,7.181230762264944,501.05887921799194
30.811066020010543,94.61827866832107,949.653405717952,9.555236959549347,478.772162404933
15.308477766956905,89.28511116003267,135.4841302316553,0.1823258267636163,63.43848471428337
14.545624180177516,23.617493608495153,735.0176552641196,1.957779856835461,368.50902492714425
14.585112746335845,22.109357959780162,932.7234856740993,0.0756287497814212,469.309608052171
17.60605607398844,50.117069350243966,262.5178106146002,6.47474714154603,123.99587759106322
23.11891079080595,84.84426646254663,611.1507074973665,8.98030548949987,302.795829215805
20.798625466052894,98.98209034519556,923.9394678292376,2.4348229657629927,463.558779935226
17.28072850495105,32.033351288282255,130.55138072721897,9.270345447963066,60.98471762343685
25.296322368059485,67.5304572281708,727.6782405221559,0.6026739028956085,364.5805540778876
13.487346516301045,50.47126853048172,367.6141066352957,9.344360268055143,177.7181875732479
17.303616213380455,97.59315182516826,931.9565758388774,3.516226872396344,465.86438723616516
19.159046082342293,87.36951385085669,973.952420648831,1.0142082844921652,484.54827348551794
21.4017496054259,87.06629637689103,949.8398402020905,4.858717591863257,465.6028646815884
29.62939903482534,57.49545278359762,526.7927949917174,2.567765677205079,269.8218146678883
14.991844553958995,53.185560187013216,875.8383858903821,2.8487290196192285,433.6558873111699
22.85586096034029,41.8725657544565,860.0944586815633,3.0728996492628657,426.80250489387356
24.810364221551062,24.51003973207417,387.1904259189301,8.030258978326634,197.4596451768365
11.161260317999943,89.17779010040425,846.0239267356096,5.391612766752544,426.49070919507864
25.18862129753596,85.03208073040621,133.30687124394336,3.1130769915600363,60.464200018625
14.263103092182288,99.97741386289044,636.6428906338477,6.103337833109183,316.2779517488593
11.626289824631987,99.73094696591244,307.00795355893274,7.161506742231936,153.25644226373316
33.722138431333335,64.4345364482102,208.51019719955093,2.7262400073353374,108.41636165828109
34.14080082686398,81.51899321444084,169.25788146628824,4.135491015253515,85.6763771345453
30.209933702911528,95.58125839059424,726.6598982903258,1.2188609333694755,359.9805125871816
17.61534422933427,87.97179125419292,405.8874673912595,1.8114934953468032,196.5310261516793
12.441802850159597,39.78784813945581,752.2900943758854,6.811178539649828,377.1927901891477
27.105825662803923,56.04353082480748,158.82070671904813,1.8143834769562694,74.3209410200273
21.003812343490033,30.3327532121196,383.7613040475493,5.251633836670601,178.90796994737877
13.05095587111947,96.32408218069779,585.5421631378035,7.090462617224327,292.860864591212
22.379422752781757,68.49397075607041,811.6508483550672,1.0687692309474384,409.3720959666287
10.85971302788046,38.29142444027702,386.8772526388629,5.673122196289036,181.92998866175427
32.73301005196955,73.73605475246853,663.3022387933082,2.5656278370136376,326.7020897080807
16.469499540000424,69.45025923663167,897.3799734125685,9.629268752375799,451.88604875395384
26.56305710884955,48.65301744262724,654.2768693640741,4.835456467199247,338.61665816278895
17.792776902235275,29.08460737597032,309.6635272782704,8.059925497751582,156.87276459848758
23.00170052944527,73.72585564742397,121.96070340088421,5.502265421562617,57.054667349182296
23.66775698358199,61.62461607230347,883.0889865108369,0.43412532854819164,440.0023810103469
14.621361388138176,81.78547133885115,119.14246976534842,6.3315137559402235,65.08478230147443
34.239615694113965,61.61308008895947,887.2315054157795,9.51403342206657,442.6320460616438
29.378320584027865,88.1745200254832,576.0434206244909,6.016118201463312,283.75807997641544
33.48747353910473,64.15254710195885,945.1609286616066,8.191888594267901,471.94624443755924
32.37068376069122,64.87503772283091,818.9049121962988,8.842064633484078,406.4475424734803
24.94749947027713,90.1322882126676,998.1406994800037,2.2807977194893247,498.127996400268
33.04685587557792,52.27862929699177,415.64063390653916,2.1204483990822665,217.05855304814204
12.212312551297988,30.72121827605126,790.4694600380142,6.1098098885099175,397.75725870361646
14.89957156047863,22.302614105067118,461.73782224831797,4.110284698067047,230.80402700393546
11.130682222763452,80.41098045388952,531.888058273518,8.398613028667203,263.2572145974966
18.133258269081608,69.62476410827718,664.7549168965331,9.000231233980111,324.69363827307365
19.71693224223705,76.32638144793788,886.3094027677049,3.534213793027181,446.4324671800205
16.783725794347397,37.03713292071286,985.6751222793656,2.3687055897448204,492.7486322059669
30.718437728798232,30.90971804694158,791.4460724780664,7.805255152438618,397.90804557210055
18.918833167339734,21.163573253430556,475.99010395060037,2.748060355481361,255.34390653968322
17.023362742184517,48.04700470452776,479.22130204936315,8.226143185136785,242.04963024252942
23.567402078956214,67.19341494837064,763.8240714300024,4.237382536487628,377.99762643229985
13.523105624369066,51.379523607978584,314.8994311914721,6.675498992914704,155.43636179532928
30.054924518850992,54.99799376189833,199.4267018182552,0.9553531383466818,105.9022428465709
11.86376609199427,92.33269555949987,419.1599418766989,6.23859324676573,207.96378347161584
34.672173415012935,47.86043736186403,358.51509248867353,4.517676787372292,174.04388718363248
29.306119232416435,61.119159132784866,366.6773084103911,5.866084631754741,188.98266977102494
14.96789203835431,82.69224101929144,310.246975944919,1.6801420774486342,149.4809731131251
10.13805292809006,51.72342258570161,137.8838706727257,7.368737449441821,78.20980587086288
30.386535711370854,69.76693601822987,116.08654126007244,8.627970775432285,64.71941188392151
27.67143359619043,88.98909669973962,988.9501507624284,2.1673980009077565,490.9896340277341
28.225179201024684,95.96164989261138,484.9958203622761,0.9571455552016173,247.11885652632583
29.281758667148644,31.765878474323035,445.8939824437135,0.23638586046336396,224.67342788958516
11.85111629335226,94.12701001291956,711.6825544237629,6.4197150044326605,357.86784971706834
18.961643213606813,59.369303446363055,296.42849907855776,6.070940360887808,150.77980084697134
12.896726488128243,40.659551063916666,954.9650655552028,5.4669741271407,473.6008394236922
31.577585646889837,56.7308604990609,807.7105129739969,2.3194709611597544,401.422617057379
25.58245317068895,98.40260602283817,180.46990208103358,3.9090599590551465,93.80468213616061
18.27245062131623,59.40944751942957,475.8226982064355,5.944763351861731,236.28319779921756
11.588958757150591,46.300128823000655,891.2064768059482,4.967668588591694,443.4224192390475
17.774558042891556,70.67206834533806,950.2588200622693,9.877855202148872,470.5732205618399
18.12958305066868,39.21164950225545,520.6613601248828,1.3643975255673313,262.57393072547626
28.240154458451602,26.06906624869311,652.070250289637,6.951445540475937,339.25860098253986
25.93893678388033,30.310377752851938,250.3305514828677,4.043187681042921,121.71462349711649
32.18031856440817,30.243667116621793,992.0517635232789,4.281996149256147,498.7092267754641
21.805373129048732,32.15221548098355,308.5045312450991,7.175977656581763,163.32149046979873
12.989856148457543,31.10617381195281,948.458596721613,6.924361513243697,474.95964063147477
27.831119680574876,71.26997958425717,684.6819840931316,9.912559937021882,345.8049760040635
29.019626215422434,34.55040675193159,646.9631153909733,1.2839428945412523,319.60082091760614
24.031929939237408,47.65338266590906,561.4196599148577,1.0410964938416634,283.08010860286373
29.274179498864026,91.74307279248094,307.6028305459828,7.243388171287411,152.6546358924885
22.344889909109767,57.916931221029785,258.87522880495743,5.783869170064091,134.86168064475035
23.06832073454985,73.40461908168217,298.4375881631578,2.7416066655980584,154.34064679189314
20.68852545896374,33.78558969613039,267.7944359298291,0.794193689889866,147.38344797407544
10.63547816860238,35.38312150469366,801.626026210078,0.8565824959643054,403.1768872119253
12.69728567483261,23.26948930131831,415.1127332500571,8.941908746641182,211.07998405968496
10.785729642168356,33.514805045773166,152.05840890705673,1.918673247187429,76.7876933227807
25.91026028159451,42.287227122556686,972.1923671267302,3.2337156211552074,485.45375989557425
17.858899526908168,34.160838742139745,895.4072964670831,2.26656402226988,449.9272282708878
22.71426727911757,27.096202700564447,934.9770548756917,3.5499630583193733,467.63812959169815
32.689161848152324,29.650869688048065,995.4170403817917,0.6942384274609337,500.4760454581489
16.232305728721872,56.86230144261806,256.50572429753856,5.190597909082704,134.65908490936692
20.259573075890742,36.5066974724634,456.6178170123929,0.676125635922149,223.61204324094857
28.888778463576216,49.14158888384604,782.4146281336822,8.003565078223616,398.93921829029637
15.71995413729056,60.27338166838855,726.418556248413,2.3371208191043302,368.8206039550363
11.924497745719824,75.23158629034923,238.50631570586955,5.400119146045106,117.17370950724293
17.2437863228442,23.144971187287915,834.249812491556,8.800790875614583,408.8429199987779
14.030532181350111,83.95283191272341,301.9965146529946,6.5087736904719415,146.46631375161837
33.242441308564324,70.23203115927262,301.4358533403608,5.329577865513353,158.0814575489814
30.203009489110425,26.540722555909753,583.2769806040722,3.243337531153756,293.86608231788796
25.835093912760584,89.88628992854218,633.6459413575328,3.330019130581979,310.5816582382572
31.78651475469294,93.66979204254505,622.07758705403,6.694869551981901,308.34905470461234
30.091801922477863,24.8862367883891,182.33815365797938,9.941393612211675,99.12532403678311
14.664251472150896,42.1502118517763,889.7147763673423,6.618391898493786,448.2736489590031
32.313974962249446,84.4961023834449,339.04003832983545,5.577834173700249,168.44751788086202
23.48355604789127,79.86077523069267,216.56342915452376,7.306505102392461,106.26421038192143
30.186003879101563,34.76168154851018,899.8732718820795,4.652056122837181,450.1887727308727
32.40228249808733,36.747945866936824,960.086348406778,0.6014234260078521,476.95423892255997
17.950086874296595,49.63776822331056,875.9148555389056,5.6229681587790985,446.47202012482
12.751298113191918,58.761838815281706,828.5644672523903,9.576252845053801,412.9229197197043
15.698379063548542,69.46038172242368,689.7177825751196,1.7530294235765964,349.3921085966363
20.677694715656408,49.51309116558179,595.7716335482254,6.900048908206657,306.46452172865287
30.45036914806233,57.002777290651835,178.28808392026912,2.0093368865905648,94.73236187846611
31.518264581408587,79.79767505070052,467.60789176362886,5.3582768447308124,231.87944239277616
10.173803263279767,22.934656231247832,435.41966531108255,0.9667644964671962,219.79248352128334
22.768682564439143,40.19495554752166,333.7784053842936,4.503709362581851,167.9360870117764
20.435275078719474,77.0679668707642,751.0781023197264,7.561633288952461,370.72299767833675
15.552695261768257,91.61654701497595,546.2881615708937,3.4757152423898208,272.4354624179609
12.99663418334207,60.93419536925329,172.94159431688314,6.64911724487218,80.15837530148853
18.4403792850907,62.569078821225254,298.16488175483016,7.954499607897292,155.32732172875018
33.572742597812976,28.573760907182084,714.9328872936363,9.271778194794527,358.92629901370736
18.080073300518883,55.79298934587637,168.51777354127017,2.3464208185545354,84.75232707646828
22.969765543584153,62.60938131640185,866.0862226438918,3.993159158093081,434.42468999983356
27.575473972379445,39.39764029077837,545.6318743125769,1.5241601333041743,272.6139096971279
19.09074005948235,41.539458475950475,532.5279195939831,9.924835021583752,271.0144968908354
34.29455206802402,50.18273304836981,633.1670061935658,9.270009679242953,316.9833053039028
34.06118237355278,21.60569582221811,842.2128693326342,5.399571302805596,428.86866886040883
16.294557395634104,45.76633324665426,413.0282871119737,8.420332943764212,200.80945082073666
22.431212647309636,36.91584055972357,710.2145373031572,5.209579772720422,357.17841174059953
17.521957745419243,46.19978817423317,609.1587675962119,6.2358568800275975,314.9634065352331
17.12101235943669,29.580970545540097,340.3254431524792,0.8912443211601662,165.57236652611041
10.92217368386332,91.2421824591916,890.7669877196422,7.552704204968079,440.03541809361724
25.23910834949742,67.48739628432389,817.6834194462353,1.2771348363523483,410.81621695941624
22.56697558072154,74.32818553155917,692.606651192583,8.260676302525283,347.39365804798877
11.286968781249733,83.13369908858706,865.5235561848177,7.820280876703859,433.0509966878131
16.966161605915286,59.87537591432458,880.5647808638221,7.087446977429765,442.84866284301063
32.70664714916634,26.953623046993897,737.5266790435313,0.36160380524762115,373.93225118819095
15.98904726667431,62.968523345483824,853.3119955273048,3.031283559453286,431.26123224471746
13.622371802280577,66.94728944167034,727.7243155023552,2.631125699108429,364.4523488837864
22.236319006939077,79.6351579347464,712.1266945842704,3.6013640747151907,353.81920583794215
34.641261352765014,54.53276369837435,656.7502403936659,0.8764274676383854,332.65076214673206
16.05138178778751,30.2064242236451,777.4449756018771,9.369578230310628,400.19063008907324
26.803388685146963,42.702072463897956,242.74459476376634,5.538022407123763,122.36196837671487
29.04049038321794,49.046583711890804,892.7836832790356,3.0552431065802352,442.5819635902079
15.940938599809993,71.67337930652809,884.6591749707088,3.969815170742834,446.66937876059245
28.20540871529649,65.66226437351295,126.32255473110322,4.472025405048356,62.99120427964729
19.194578317981332,48.4877380718277,843.2350755082864,6.005943333606173,411.450449619001
25.807645764839485,98.92121990343837,215.9828807261007,5.156794276964978,110.89461118550747
25.838242769022365,68.46198554855097,401.6069688332277,9.193919732144174,199.12635243274778
23.394367101868962,38.97814333887956,769.157430662447,4.969634829058302,385.5105054287573
12.257244251360207,28.1425978096323,244.68390644347738,9.921580148233126,125.8047654388848
30.88256238973095,32.22873113474656,836.170321707156,8.514249577450958,422.2173288501993
18.019501624293397,39.67661827076065,848.9207601619677,2.085105143573358,428.242779444285
14.662962759996356,32.85450986076445,556.7209603847525,9.305952146439163,277.8678095517763
11.019378538869098,34.925361924104465,105.74728454515022,1.163663978854761,55.027573816908166
24.772323579706047,42.807613495507766,358.3343198574215,8.174497084911916,179.84117764096877
26.93910904605706,33.86988762358038,655.234226538168,3.806232934765801,333.0728287839014
10.414695723196404,91.74123397011401,983.0675602246811,8.779743204450694,492.82097404710987
22.802326457482025,26.418699652931377,668.6321743150015,8.680566901074503,332.33430469059425
15.662394379948449,61.960911165620374,333.82322295774384,8.059254001176212,172.42156673969615
26.129319760236246,52.83174615917292,670.6051327896503,7.900304363070614,334.174154709934
14.359160725124786,98.59028935268852,585.9868417442699,3.046791390980408,294.1494697466148
27.273443452561647,28.963112173444188,801.8608556360292,0.8091928305125218,404.2078916877078
19.668383657513434,51.82844792365933,196.28257494426256,4.029801787651614,107.5135821832056
33.418249718418366,97.55763466202951,784.9251122518252,1.7352451498650867,390.1562184827667
13.438023603649832,89.24057007151842,587.1399208084993,6.9495108890246176,290.0950524582526
18.52665877625646,85.3657656759424,966.6928034730952,3.4609972653778556,481.52588075401303
12.836838031014727,40.632226163595185,407.6849494348175,9.756102008599148,203.52986869987893
33.11734045696407,33.67100699120527,669.3597038205534,6.40972077345332,341.5896892708138
31.933483834524527,73.49145759395448,938.8252949590158,8.224805636343609,462.49483106834845
16.44854069287889,94.35007913020686,192.25875519161133,1.3252467274184843,88.05336495833514
26.499601150854478,64.54103144111438,943.5056385128061,8.620144822726225,467.56074215608203
30.430555005030396,65.72901515759199,719.097150070732,9.227571905133944,365.90223211888417
23.880020289986557,42.39832749282273,161.0533531946547,4.870619188189359,90.32195295223238
23.24126445890016,81.55943465535495,370.8672102521346,6.062529377509774,184.37001962200418
16.046307272511292,34.96349988460187,737.3548797807534,7.648098009029955,369.21940660925367
12.32756919514748,45.89433891233949,160.6155413218945,1.7483862726041255,79.94574870493176
32.43039394883317,54.034915089313344,623.953414158646,5.0256607646344245,319.3325243857085
32.51045142908326,60.6088302947564,411.29475125766106,3.986630277723131,202.0285396415928
25.827536431831696,39.392778593206415,658.8239659907294,1.4637399216224911,331.509690606886
18.475744776217518,29.186945979136283,141.16783043126156,3.6753442229153146,76.58319938779093
18.73023936531652,68.8496033953306,884.3831255371387,0.6817230938549357,443.2639220038046
28.148891971755983,43.09044425922046,976.1400722596572,0.25811906949486985,489.7299350109359
32.42775649881443,66.49905771380898,971.9900697571223,1.3516628915482276,491.1884206838975
32.177160606627936,32.34901722193619,774.6866485686322,9.631151115891738,377.3536582420642
29.496888646440595,58.4912081483854,217.07761611756877,5.49529535895017,113.05237218545375
26.050791153857194,62.60715460412687,782.4368763361203,9.6582216115322,389.35442545990884
12.10349912487622,24.145882945794153,122.12822481292136,4.32497878330132,52.77899944403657
14.040717852365344,46.92834225551365,119.91119637609754,3.1181613308525957,62.19289812430504
32.463854713176985,30.75317415511794,391.24919723458714,5.061418628402441,205.21390183235064
25.160726491489747,25.06999763782142,539.7788713641992,4.3951168863291015,271.34378925348483
10.229926290415742,99.19681859119562,793.3666760270139,1.0566468426174391,397.72219181752695
12.536788571650803,45.788307597977834,714.9658389458547,6.408263146902062,365.79022686951714
26.587544227701397,84.7899556683708,501.3124357390735,2.160381825095996,256.0821231418278
10.126539596155467,40.37125238110111,346.2639996534993,6.195879548978295,181.56508972396276
14.020201285437466,74.52021777791434,997.4120501419401,6.502010923981533,501.3930739507739
23.718344734164653,80.81822879117493,483.5631720123757,1.520248531286481,240.7937269408108
27.29737994231733,67.65109924862755,506.2483218967079,0.6134962711066816,244.5842141748898
26.299031487565014,57.72609508401267,247.26143907250227,7.807615860684399,123.70552866229413
15.606732736513994,52.947273131781486,815.3285938749365,4.5980042376932015,403.28097442548824
27.8044805336884,47.90946132343962,724.3140032033398,0.5816379550547579,373.51301776736676
15.931227187420003,94.36233153982607,298.69265150988434,9.948663171697671,147.33163546887073
18.134992453981695,86.44955262301833,174.14294105425842,0.5778056099636664,85.29407729729161
28.662285127950604,97.20215285332101,712.4493718672418,6.950352288585532,358.37830414166933
26.240822476180366,29.943777878843576,689.0600928530217,9.836789252634135,347.8423098625758
31.23058526235445,78.46939801629154,345.9335742983884,2.391801042159256,181.11999118520066
26.440322307508584,95.06723654568303,955.7772060253693,1.4224936868719618,472.9505253448535
24.20771508338679,34.498645293252814,235.9521026028102,1.213849394224289,119.88769770011221
12.341869195702312,25.3197013893422,489.1013209383417,3.0327514756759557,241.41305968591888
19.19289507648584,79.28965194320472,949.254328150839,1.010458110106467,466.1839500518256
16.630059192043134,65.95784905439295,477.75458523351006,6.9216134169413195,235.56788331210154
16.09974108447709,87.34630214066176,674.673352897677,0.6229179813006269,334.5187350612712
34.325263868811135,31.18179013010316,457.83495816651487,5.094221281497897,229.66324909734666
19.82744311666901,83.62138494879122,346.793682113803,9.966968538529768,169.72980492946553
32.30116387942783,36.13018560381956,985.5798831638454,8.139702695060189,488.8099019103273
25.778465649931572,33.09247542925636,468.40060568353874,6.152194382310109,235.93843664861828
29.87028258854121,33.14126383447943,904.689283311221,3.062536207866117,446.76351209415884
22.5659273276298,85.16597761851057,306.95914530197757,6.238958362916385,156.52593799385753
24.422597115658977,73.215777655696,291.794233622575,5.270414639116517,146.14486933256444
22.312942345471598,61.845233981529546,128.02067459606022,4.260833838903714,56.71377910395689
14.881074694951113,48.7064387298802,686.5001428382966,1.3071037674019947,341.0182323203805
28.06130288153763,90.17604326504866,431.673709351385,8.866042152404667,212.14660920312184
17.019309061021396,51.395608593810834,877.9224248556734,4.497846488213225,440.58880475398684
10.607899160786346,85.32795515772617,525.8889160224014,1.9462251182076507,266.83034742315033
26.136807397679195,55.13079268561747,971.3740851232495,3.677593508772896,476.90384002063763
14.427766985176223,50.155554353992606,266.972964132809,4.1412975252892705,133.82487094801743
33.51146460882286,57.01438285356851,881.7608511600497,8.275378955668742,442.2352647115292
33.84821442506468,44.110229933131365,798.9371675125676,7.336143805614021,405.47182284550877
32.871609755511216,79.80875041410009,793.8296601796468,7.693048936413398,398.8161464731406
19.25396750638611,60.217631207398334,860.3049053051989,0.11031264428647214,425.32918371303134
10.386415413221686,38.57701561174538,784.921591848699,4.161539981797615,390.8076250031109
33.20796406469313,91.96596586196547,663.5982894682738,4.813441516353237,327.50420186676115
20.704603707932858,50.711297709856915,218.1203899141488,0.19192276823056686,114.01351068901394
34.16637047609174,63.48422888911909,129.2735615421267,2.598132087450342,65.50539103506637
34.09049942723132,92.51776887716376,928.7630630341182,7.60289823122135,474.19122609093336
31.325236386684,69.93903967311937,654.9852830686642,1.3710970572899905,327.09912853172943
17.36122230173964,29.351843256669127,816.8835618785587,5.353101314525917,406.2388974349727
19.62744321504813,95.18656988907802,533.370116361295,2.152018720172375,256.7503057886688
31.278416787921422,70.21664424571343,205.57737006615503,0.12120774643893273,93.41423766759203
17.923050128906944,46.79244917256689,212.66721298229538,2.412014575995415,98.34801224558169
14.237318667152312,31.141765813070982,717.0087585060742,9.758737549100537,361.6584035939763
23.920031561458753,83.52201514162368,487.2753054095164,8.015371118829895,246.00025444373856
33.40386935401952,69.60582047428107,280.472254030303,9.595766443210334,134.10942270532084
27.400744916874324,62.67688735810572,542.4350920672932,4.878540439263625,276.2746758156621
24.251529252234125,91.51140664407662,157.78804336762067,1.097361986775035,74.54777141576774
12.429412344269213,83.08777689796246,623.774261722959,5.47959488973693,310.8055672888834
25.375180667479242,32.1339903786201,342.0940639915879,4.543773345599609,180.94770835400794
34.75134625260658,44.93776542364386,817.8031905734694,8.44357082739616,416.30275238562
13.5021003809131,39.87913118515726,379.3257630312164,0.9808258078424459,187.872646916481
22.958241309093417,79.51570340581415,509.6981341736211,4.882411370217782,249.68962719439625
31.934326798198885,22.682594778862352,110.45848591729057,1.5004866469398426,46.82956622226351
28.51921544385511,65.59117478970532,165.202199015103,3.2467592689005995,79.22704757001975
27.4253935248817,80.99669485925524,453.2442007660163,7.373570773877996,225.7338679531707
27.56210209967773,90.14125094093995,531.9449512454112,4.7601812936876655,260.237761908608
18.98727878049388,47.366539897272595,640.0184933073733,3.7588828514576935,319.6351392717024
17.339796106612333,85.70058437376103,362.4963208383729,3.944762785700353,179.87032278309357
30.23402888696284,28.850538956416578,725.4836975138883,4.594467684059866,364.11733832559116
30.25283486697952,87.71618333876145,874.1101574702841,7.850165438370569,434.01457323845875
31.676807964502594,30.199092986558593,801.8658900040148,8.920846889402345,405.2181138868438
32.83101381391178,51.78298324482938,135.65694281352143,9.553346865039282,72.64279624676533
22.783559971523445,83.78362926236429,532.456252532046,7.869033862552951,260.4391121853535
22.53790736717999,31.993394187901902,194.43716057635737,3.1540689574801273,105.55817700572896
29.95737947416938,38.34011161861132,317.8405142762747,6.881347060865421,160.88231825537548
26.24909826944413,77.7802054714453,987.9963339404318,4.376031240553919,493.70352088642306
27.549171931442583,77.60292292368595,228.2459886113619,2.5467062204605115,117.04817871301579
29.894816735902527,71.29181063082379,548.9993381062204,8.408715794259226,276.77238401032866
32.250133545439155,75.515875557368,656.3401608863072,0.38426348962324997,332.46183588732003
18.449878921288395,63.417955467807694,732.2184734896936,9.017619921354235,368.0224716738652
19.389573815998602,40.14392471255622,603.6838151382227,4.614774646247342,299.63443677113065
12.349548496021725,47.65567948031355,108.79376267726529,6.3720147680828045,56.33097279386621
24.45700352490435,34.527817344114055,393.8151774195927,6.593539222057827,193.22697500288933
10.898556844918552,92.67604490669027,565.9404790462403,8.951177407065364,281.75932697257315
21.639950453311506,66.67134358128963,179.07984923035002,6.366696821672074,89.47754189255379
23.566115867689415,52.06811334109119,415.5642380882627,6.139335847600618,207.72260784700313
17.163531303207108,56.96046429153061,129.8827979122299,0.6665204056068996,63.30034539578586
24.770831514225268,95.78266716894522,170.72064743951867,5.18408021945204,74.67584432913682
10.762506248476235,32.26811224928642,457.23094858143645,1.5016900081704165,225.6350327660308
10.933704718730361,66.89838656134378,219.44417863875432,7.374337687214856,109.40963250633155
30.565014016491457,60.47109431075728,610.7867634354023,5.122219208126745,307.2500542054248
19.00476603528157,68.91633883477184,720.5184722235392,6.802277792083533,354.9359756273461
13.17651281629712,21.44881470566724,820.5280291981746,0.41672900602384266,416.9211101509619
23.05608150137011,89.76991271553212,280.1352198203291,0.8479201604580322,133.72343221554405
29.249838827465272,94.56946259868899,250.73432403316278,7.163233880626823,129.84360554815254
15.39552568742108,65.21065468713672,194.11105630096023,0.7208433599867337,97.61468846622117
25.57226189547501,75.73206591015138,672.787224589273,0.712567277652586,332.07561209498795
12.1336866248442,93.79995049418366,735.828153838211,0.1210847523488745,373.33821947039814
11.292043029215193,76.57909074507188,128.42753034307782,9.5650139829948,57.4588335750234
23.283865789203702,32.20312343314091,942.5910216193208,7.37508359459007,478.08452880389177
23.515878040252662,66.10306881334506,146.77415528632517,3.5325140850206416,78.14292641373962
25.935747537455164,68.53720371062848,587.1667017709634,2.9653558128765525,289.9900355708879
28.15228334306654,53.93045370419088,738.1544675058248,3.4970322974584955,376.8576723618228
34.396301986563365,78.91553884997782,883.8722113714771,7.746535311811819,441.7290334312636
22.907508707529885,94.74936118152118,742.678238919185,6.613706110704144,371.65861163980964
18.073911823531148,94.04548103254211,821.5552747628126,1.8519556786746794,409.55475484172337
29.879654869217593,56.06714971233057,405.50517328852544,1.7410933533408435,202.6138696088834
16.770806281551856,29.05904366726042,833.3426023718611,0.9839564971339732,421.1462622959484
20.9742855176409,98.78729591698676,172.1033617462076,6.603027197013382,88.4977936711823
11.96140953355665,87.11184691567473,905.3349904544749,7.643726622217359,442.294129293062
10.633768585386438,29.97301449626135,592.8331385383626,2.6504642832500402,303.03308947394765
34.06621036694813,93.66735060938979,835.5679929662443,0.20944961030912812,408.23667997123096
30.899503012805145,89.59170896497027,507.08645606647013,0.8217166747642735,257.48066724292823
27.399355152342448,61.50704457008577,679.2199256768724,9.678600348450304,346.8437918789941
20.223823610356746,67.30203485959434,573.7623948425019,2.9544477747742026,280.67453544318573
14.332358001771144,51.920216309610424,758.4305695797987,7.692231478381336,377.5368846304993
13.91092606677715,24.380931105762507,173.4669838275306,6.2466356885426375,82.62634176043375
16.256072454114882,46.815779331672076,154.31687559150743,3.8193963965289592,76.13253020244372
23.730666617653014,84.22827588784091,322.39291060913183,2.0568726219555513,158.22931127540156
27.86489806750156,20.37056184036823,243.5902121018695,1.2138641815940643,127.704143263332
26.504934417943282,46.679933735291534,884.6052099329816,6.150129680388666,450.40067138819626
16.99834742364857,51.85349548727547,297.2925886222399,7.74633780637788,156.28114089434638
33.87163201657985,62.99164823503383,978.2787302372182,6.439042535411307,487.85391428270617
28.447422917394213,93.58844931302085,403.20621259399616,5.303021332491583,199.78292102086215
23.858851312785017,47.707679549276904,263.9061241198293,0.41951223431636264,123.62027469948785
25.293018655858805,47.75625615169822,810.7286564282313,9.684887775943839,403.41344449482443
20.490001560694747,79.00009984877987,692.8369979507885,7.987141916545745,350.93918068782114
16.193274737528938,56.17743527118457,548.3761448078251,2.928220367009647,281.66208630524926
18.89931696628154,37.96838583519856,599.8271958438681,9.799703293588507,295.6933066261204
28.946152761609227,56.195161290615474,747.2816004450375,6.018815896363221,371.9670993176571
10.359837215743896,31.26856163038399,305.6092671981688,5.824226582072464,153.31000577075946
12.901816012672906,34.110958920497865,996.7005244510677,7.4807317942953215,500.83184803373337
11.150066050543819,59.869421819158376,977.3138459321049,8.117697880901375,484.35398045672093
11.018220057974254,53.514035960363834,685.2931177122432,6.564786073315027,344.5059415008843
31.38651460027518,93.187672085448,279.5882058362306,1.2809574636620003,136.16036553124823
27.59144648450059,48.99151192933065,712.2054181881622,3.382675059944984,357.0165518036622
21.85434572718313,66.44706802224349,164.97856808125826,9.280836403260498,85.93995373290586
12.445854016275037,70.58114303356243,127.58725198522546,2.2461561184385195,61.9904968153045
22.29039687792081,21.04755652706669,331.91459966009234,3.7216702383751334,165.6963662865271
21.836794269514144,73.08298976133685,516.3606610653846,4.32076882944196,257.02596521783613
14.33004674775038,34.24287734958011,881.4452548675424,4.394049896944522,440.8804834244294
20.846291230949326,96.88562539755641,754.4521627896772,6.129395824945255,373.8422532636342
19.962618359934336,31.893018220249036,768.4358690799829,9.430758377447075,385.21171682712634
25.39625245130541,53.1699298981619,482.94400100326783,2.40692711832505,249.82775052804496
25.877341271691094,26.82797344629151,411.34149329226665,1.2150137630091806,209.9646820932959
11.132600244301113,99.74994014767579,433.9348866861424,1.9747048985993731,212.0107457496916
19.36531536566178,60.175600826499405,988.884607362452,8.869249002092696,498.6286769994394
25.646497892855912,67.6308013856035,136.09827227123424,6.458108126552061,66.8547700321529
22.578406464502194,25.3661181910742,880.3283465102037,2.859067892391601,447.5911447584099
31.412246029708058,79.99683763193423,620.8078677151541,8.159469389686173,313.0254214178788
26.467340790473624,36.792447447646865,494.7538772706314,8.61369996363436,249.37027961468644
14.073360677035742,91.84434315525709,752.7318943736228,8.465143386902781,377.1126794031841
11.764218685010746,36.41117123856057,538.0020472822325,9.189265336395545,262.3403592546259
26.06048195515789,35.255017653093326,886.0809142734945,2.522410201733616,438.75439914540607
10.662782763540545,22.923973427847592,910.6316776101327,7.550419287462783,450.7763772355253
24.64438953183658,57.765355608799936,479.5488341861099,4.6053949727414,240.9863827341654
33.50575603562394,65.18729066100931,349.1450175115464,8.419985528900614,185.0102919294907
24.386854446896976,25.25669115426819,633.1152957340261,7.284906771616132,330.3469808392757
19.70424815516305,82.04220933560084,921.1270110550219,7.764474464997246,463.17497027645044
26.08220546105883,56.26310677984221,289.5959701050999,6.561618376810715,148.40959630974814
21.456322262287916,61.951221546206405,660.6699252071345,1.7742876946970687,320.7326026206614
23.640419732898373,55.26101975505825,668.4041980832685,5.450269188969383,332.17977486629496
33.53662021941313,52.06104487002608,759.8017201737529,9.846697395245082,378.6818905848243
19.652565945019354,64.77122650465743,218.41091661453382,9.373880664971189,106.70269171827465
34.029764095597855,32.419219674457,744.2424682138798,0.4317373579701167,373.1488779114469
32.63376604890159,34.55425043962169,918.1292685990769,1.6481481572943713,458.5694751254208
14.89477836973241,88.94284968108138,261.71479798321775,1.317287734545619,118.26669283955825
11.734032521879136,95.68923697069062,313.7889924314899,7.259799099852955,158.4749487199566
12.519450034435666,49.864745302380236,974.2555846374756,8.17785329856945,482.1583555880772
10.455545641288744,41.6595738514843,262.8792574385408,2.1351136631067194,132.02546164400215
12.36107401889821,71.51996345912126,868.9465840326212,5.05852692951829,443.5155199798979
27.075169335408923,52.698733687847714,543.0500708032314,8.407030280112,268.68209874885446
11.779716211505725,22.03090845282759,322.5079669628593,7.328015447662506,150.1445751557397
17.974390757344032,32.49220778929523,883.6749111452602,5.422372054918483,441.66473756048293
31.121882774236365,77.2777783077918,500.77472950239894,5.903476904587729,256.3211576691439
10.581798393395646,72.71391535281211,563.3356185367212,5.0836054691628,289.89875170499516
30.361712064723395,22.16767940027868,423.3100324597891,2.9754845131882055,208.0301523967285
17.046369369334997,37.75777295463595,633.6557662914347,5.650219928590161,320.2581715368197
12.954120690541407,38.48598372704571,247.1714853265205,6.888853020500907,122.00807386616201
27.418429134103768,73.75141948789827,451.9733829865846,8.733229158608077,226.25786749250872
25.7235711694971,21.57684302034913,972.4710901017588,6.362913539792481,502.2233594598554
31.936800338176322,28.32868655876591,332.3200894310148,7.61121537043158,161.9446818534973
28.376776095097146,83.99328682985515,691.062998087163,1.60071634954573,345.7583538889805
30.087023259621215,34.28357296434669,392.6710578022254,4.6155747441978985,200.89163338652423
17.050864314282663,72.21968862814998,796.1258131179405,0.09331619827093296,401.604603423342
14.435988594493072,39.05462248373812,217.78629464651485,2.46678864521623,109.36728855491754
28.76536879102146,27.955311420747613,972.8389405706903,7.264617151130048,490.8914177211564
30.1708684816816,39.453775279956325,508.41058724527534,9.918099513493635,255.2750687723978
34.76262855001683,77.78135454845273,312.44541701181754,0.9917809958721591,157.3538945388878
20.315441922785663,88.45571744850287,166.1470725970114,4.0149431586128825,79.76932187259465
19.30045214481958,86.41758916535933,252.78211457878666,8.000709686991595,128.7082244322859
29.41032401854992,51.77468236947639,567.7965537004159,2.0403563462889887,282.8105947226287
18.520088506325447,73.44681092565169,403.30285878815766,5.550849493022863,202.8267695665443
33.26893314008912,36.39874363326568,845.9950292943486,7.330712960296748,425.8242993031543
31.460318796075295,43.45181842088106,487.79877129562533,6.159854502601791,251.73504876075737
20.72485068437546,91.70686548168958,323.84284532886693,1.8802473461541613,159.52764531007494
28.771776694787434,21.04015388085888,655.4304879436271,3.553845686857394,321.38602074358636
28.863571852117058,26.840682468357446,736.0994951969012,7.837917844853973,377.4712617327852
12.578096720898316,36.630900411682184,250.33771711085487,5.542265141320167,121.1749147308841
32.56382266698917,22.122576309905575,250.8572946594859,0.052296135429127366,124.32052831478832
22.63130931119643,34.51483480718379,133.00428424018867,7.6099076002809385,65.58320636069352
30.661436652693542,66.64332487757537,762.7618135590765,0.3531135494023907,388.0576973766634
18.00124002576529,53.713964047399834,697.4240748596246,7.457337827312322,338.6395597255878
32.388080712405014,91.41373688615799,527.1677881748325,2.024805601652374,278.34571910297933
19.73004196835408,85.39548493907527,859.7534040722774,9.580734801193802,434.7763629915893
10.270941287007458,47.34538813583008,825.1031376550478,3.679407513020845,413.06346962268316
32.63454941048159,40.7538746745034,626.8189279570769,3.269316163380791,315.01461841545614
12.282166919653339,50.375392653381354,881.4441524619327,1.4888805033244468,441.15706976521574
17.982840939760372,67.22359540118461,285.25708903309146,3.0560421549021486,144.28246941333967
33.751549176270125,41.4450912658301,200.7276574579551,8.766507618282006,106.64610853671975
33.7651786734389,69.93191262793073,342.77465036529065,9.963343376272473,176.03793842386443
24.335947203082153,52.752932175299236,151.37817048038337,3.683095305068483,76.66955581902488
25.795930304244983,64.16377446815842,578.0525752009288,4.486106309545425,288.3082210678534
21.211138049457993,54.890122330825335,942.9451230654654,7.220709382027371,471.53694467927517
17.330269292451614,43.55726076335341,135.4091866016587,8.861957804650745,68.05760735107357
18.2166136342479,95.87626455697253,209.8989226090241,5.930443341867841,108.83224859279711
26.81296140192596,81.08846353278086,506.9791254550918,3.9152569817782936,255.86727069885944
28.809363235942,31.209054061316202,940.4875157751144,4.126218408486237,457.6875420164614
29.789476093146213,89.47743807183302,384.54049447907545,6.956181464968068,195.44606312090312
29.740453569863845,58.99449585996109,556.5113278195531,0.032182636042786816,279.26010197456736
12.280152576217258,91.56417815152732,137.41557314535288,6.195893374598407,66.50322781541199
22.360507617564537,83.98842047578522,233.50888086587997,3.554930104413574,113.55946392634547
11.438969000416106,54.017080357538674,987.9671106629622,7.941973312770843,499.63555647613003
23.73822205809339,21.797544665609394,968.606826792441,0.9299063982313216,490.51097195900996
21.038262534334425,41.494188750795686,104.44598284096865,5.882022669483905,49.56412443115671
32.19260456895749,63.330737172869355,956.630606880915,4.809728898861238,481.3652342541047
18.77287531380197,70.67825758609177,675.2079440339503,6.423255259052274,332.3737140481548
12.926675410690146,40.631014834656185,881.1264650680199,0.6485359448296835,433.05596569836746
13.574792051320896,31.14848592582593,509.26587007047317,5.799837874281312,252.45937139598382
29.037765792936806,86.79441894394392,564.0364257213253,5.614845879595237,286.0172050305919
25.455451582906527,98.75217445628417,539.9619222312282,5.606600944161709,273.4758429668033
12.528066903069757,62.055214584214866,700.1778317914939,6.034876665964548,352.0113642905226
12.102670152874936,33.73434286786428,225.6861292806816,6.764679372263622,117.3450293209278
27.524228286478,41.784586121549516,126.97623088541016,8.049889996807698,68.34217840021174
11.819075159104838,21.471254123797337,377.13694743207185,2.6982072012821434,186.0090519898982
30.546501482258904,93.14390452483993,734.212686462982,8.250494101800621,369.3135096972048
27.656055678912406,29.42008663121129,281.66810691065353,4.982556822634536,147.12721368232278
12.033719516047494,66.12131804114028,706.0891899924255,0.7705827913433116,354.86747425309704
12.120942852129797,41.92441765497648,972.9208414965434,0.585509292439792,491.63796286659704
34.66598946252938,64.33424020126347,184.51064421047653,3.3423831869606078,96.71520491482546
19.356769893903007,72.11363106814915,705.3419064026136,7.8489697711146755,354.32798362922045
19.26605367667227,86.37934429657614,499.375197374114,7.076809347409157,254.0613499009594
30.319989181437563,36.513701740848255,881.3280289397549,7.886149646724064,443.3149519340783
33.68121443459647,20.879666292678436,259.43481050264734,5.172690564416094,128.666708236894
34.650026595571774,30.950850405504582,723.3633570035481,4.401989979554905,363.66420181724817
28.83445463147354,92.0014913478484,854.3037606832992,1.4745252670628395,422.00564306678484
19.406489638272895,89.91120620500122,950.1527975266209,3.2819275360931153,469.80198154923437
12.08751791746672,67.79304817362467,714.9232254606812,4.340193661738753,355.4261574921763
29.42867289818592,68.04134883469227,547.4572876075846,0.8860042967961723,269.48454490623567
23.960106243395124,73.20293396370045,656.0625161810924,2.2061195271121123,325.6685382739279
20.605550231174405,34.02970228987597,882.0144860308465,5.982252940637388,433.0946901774055
32.6588596273684,93.15295567399679,613.5487719749467,7.356631142391898,307.9204189318535
12.779937057653783,53.50164199136585,127.34835372715318,9.983475113929497,64.27981086937069
22.31562760727148,50.65108225995979,937.85382595628,9.331133313435577,466.4067051332153
10.283841119185476,61.513416422627,720.574075928405,6.425651995351915,362.82110999622216
21.716516049853155,23.757277342004404,708.8620471995218,4.21248053294072,360.94515813236694
11.407581892045934,33.30266950048635,294.1076371579454,6.361773647082327,139.7639987007246
12.970447906701798,79.04268931410964,692.9969232093915,7.85651618080232,341.6010512729899
12.938156169427621,26.623893434010117,454.4779650887426,1.1833619092338732,223.59256412252387
26.230257552901588,68.25216875731105,686.1096793373429,4.099048896962882,338.3855512599443
28.651121981635583,39.627928774505676,195.93372727719165,8.398022856356173,104.67755817896408
24.58421912742899,51.143649123358124,692.0607741427324,3.83832951933044,345.73016173794326
34.05431371186354,43.09549894165599,999.4723531935999,5.718722712271865,500.8080033568049
19.3717644880926,48.45381731719593,143.39083497450042,5.877693608621982,62.366129969890295
17.142802157046518,77.52367241473964,979.4567657991855,1.8447625313363936,491.11252215187386
31.714978204736507,43.769737249854,466.2171646505835,3.622354416522884,228.61977219230994
15.589895962986315,65.31237122375177,883.6781053035332,3.3451128874193214,441.1011094156932
34.08056348601528,58.08403217592797,804.1469356524461,0.26196708532064794,404.0166006728833
10.30386186724541,73.09369322901185,610.314634888001,0.24191763891355245,309.38469547625044
34.246970667690974,94.94637914598064,764.6042883261939,8.316970436757735,376.098814364323
11.078997798764403,78.60576777682002,890.6640051712131,2.7307080997281243,427.9581948174835
32.27857784245178,37.19523028726054,463.72628948592967,5.180787662388155,235.1866462690931
23.192527727157497,22.494650804902776,394.32984540691484,2.9872557358877305,207.95944999065983
34.82411990298251,40.98112354398601,700.8340470072262,9.406792451153406,359.9264695716399
11.844914118384972,67.60623445602039,827.0613477471327,2.5929675886577375,412.9017441567085
23.84635711003302,24.114065078740026,786.0566212989542,4.296568127389351,392.608375803861
34.23256339047747,59.70929977609891,818.032283972771,8.727302504846019,415.235006820784
23.07744610425372,67.74742791335115,492.0249833316397,8.419335667918087,241.74900101563892
25.73496595338156,46.73951126535687,836.0507945575195,1.8610141784627732,421.0159099933037
27.39371722461543,81.67297629966575,208.18814983354758,8.026433097957105,106.8824352396766
21.36352661919433,28.527860250701742,590.0401881647646,4.581868867378926,301.94747704273686
25.688952002101587,26.0110225388647,105.18279444830941,4.829688720853552,68.62397923614773
24.607857798077504,78.25510049628826,392.1272469102433,1.3347997241594378,196.84069399084072
32.52895026227472,59.63930529649588,429.8153813842581,0.8060151375712465,212.7950053525085
11.136159508536448,75.07219171421889,456.55542244832986,7.279393069737652,226.9657246422952
17.024079739805757,54.7861870882997,725.920486020876,4.964611523552998,354.0708844102686
33.76028710191397,39.712162659128545,449.7022911433112,4.3685070261517955,223.64170189867562
32.25659459727291,85.52818541393597,503.8242603602776,7.295082286523967,250.27398463590856
21.391418819642823,83.95327031751833,313.7897177868947,7.6551289899110975,153.74692106784497
25.50331494503842,75.57571766835414,435.9266124664061,1.5890816766935356,217.8144425397965
16.934529574528316,41.771610978397014,304.54266453683636,6.102251494776413,148.98455531399543
14.703028993094033,67.21845334952697,165.87633139159928,1.3535408227768553,86.92340742881042
21.592460123499556,48.87791175520214,643.1037340432401,7.513750860290457,322.771002942859
18.833805700651318,27.326565866130732,701.3915186995147,6.569551562671395,352.4802203333571
24.5914027962718,93.38508603697943,657.5413114086531,9.56614621083458,326.8342973417071
11.94336592412462,30.945490473516912,517.1446394205151,0.6895801635642118,259.1332512310019
34.35987019165417,96.0189883056642,441.80720216130686,0.5705472115125432,223.77823945017633
34.65526861199007,55.68046183663646,877.0002846146427,2.8218707469320012,435.41036914752044
